time(sec),acc(in/s/s),vel(in/s),pos(in),lateral_acc_1,lateral_acc_2,Load_1(lbs),Load_2(lbs),Load_3(lbs),Pressure(psi),Temperature(F)
0,85.1788,0,0,0,0,1473.5,1503.6,1545.9,1208.9,0
0.2,91.9112,0,0,0,0,1438.2,1467.3,1509.1,1211.8,0
0.4,3.21982,0,0,0,0,1028.2,1013.7,1047.6,1208.9,0
0.6,-3.2198,0,0,0,0,937.2,948.6,1040,1211.8,0
0.8,-53.273,0,0,0,0,805.6,811.9,842.3,1208.9,0
1,-68.787,0,0,0,0,916.9,956,988.9,1208.9,0
1.2,-59.713,0,0,0,0,777.7,783.1,842.3,1208.9,0
1.4,-50.346,0,0,0,0,785.3,790.6,849.9,1206.1,0
1.6,-45.663,0,0,0,0,681.5,654,681.5,1203.3,0
1.8,-124.69,0,0,0,0,542.4,567.5,564.3,1203.3,0
2,-130.26,0,0,0,0,529.6,553.7,579.3,1197.6,0
2.2,-129.67,0,0,0,0,56.5,35,51.6,1197.6,0
2.4,-138.45,0,0,0,0,99.4,107.5,96,1192,0
2.6,-80.788,0,0,0,0,99.4,136.4,96,1192,0
2.8,-84.593,0,0,0,0,64,71.2,117.8,1194.8,0
3,-3.8052,0,0,0,0,134.8,143.8,132.9,1189.2,0
3.2,14.3428,0,0,0,0,155.1,165.2,125.4,1192,0
3.4,54.7369,0,0,0,0,744.7,747.9,777,1200.5,0
3.6,86.6424,0,0,0,0,605.6,632.7,659.8,1200.5,0
3.8,89.2768,0,0,0,0,785.3,819.4,791.2,1206.1,0
4,107.425,0,0,0,0,749.9,754.3,783.7,1208.9,0
4.2,38.3451,0,0,0,0,555.1,581.4,578.5,1208.9,0
4.4,46.541,0,0,0,0,714.5,718,717.5,1211.8,0
4.6,38.3451,0,0,0,0,547.5,545.1,541.6,1211.8,0
4.8,57.0786,0,0,0,0,889.1,898.4,930.3,1208.9,0
5,55.615,0,0,0,0,805.6,811.9,842.3,1208.9,0
5.2,-10.245,0,0,0,0,1223,1215.4,1252.8,1208.9,0
5.4,112.986,0,0,0,0,1529.2,1532.4,1604.6,1208.9,0
5.6,50.639,0,0,0,0,1286.3,1280.5,1318.9,1206.1,0
5.8,105.083,0,0,0,0,1369.8,1395.8,1436.2,1206.1,0
6,21.0752,0,0,0,0,749.9,783.1,813,1208.9,0
6.2,-4.6834,0,0,0,0,1238.2,1288,1297.2,1203.3,0
6.4,23.7096,0,0,0,0,1035.8,1050,1055.1,1206.1,0
6.6,21.3679,0,0,0,0,1286.3,1280.5,1318.9,1206.1,0
6.8,89.5695,0,0,0,0,1362.2,1359.5,1428.7,1208.9,0
7,-19.904,0,0,0,0,1083.9,1071.3,1135.5,1208.9,0
7.2,-4.0979,0,0,0,0,952.3,963.5,996.5,1206.1,0
7.4,-79.032,0,0,0,0,805.6,783.1,813,1208.9,0
7.6,-48.297,0,0,0,0,937.2,977.4,1040,1211.8,0
7.8,-66.153,0,0,0,0,916.9,956,988.9,1208.9,0
8,-50.932,0,0,0,0,848.5,826.9,886.7,1203.3,0
8.2,-64.396,0,0,0,0,570.2,538.7,593.6,1203.3,0
8.4,-130.84,0,0,0,0,486.7,481.1,534.9,1203.3,0
8.6,-106.84,0,0,0,0,418.3,438.4,432.8,1197.6,0
8.8,-152.21,0,0,0,0,28.6,6.1,22.3,1197.6,0
9,-103.91,0,0,0,0,-27,-51.5,-7,1197.6,0
9.2,-76.105,0,0,0,0,-11.9,-65.4,-21.2,1192,0
9.4,-66.738,0,0,0,0,99.4,78.7,125.4,1192,0
9.6,-1.1708,0,0,0,0,134.8,143.8,132.9,1189.2,0
9.8,16.0991,0,0,0,0,258.9,244.2,264.4,1194.8,0
10,83.4226,0,0,0,0,780.1,784.2,843.2,1197.6,0
10.2,73.4704,0,0,0,0,744.7,776.8,835.7,1200.5,0
10.4,91.033,0,0,0,0,876.3,826.9,886.7,1203.3,0
10.6,94.8383,0,0,0,0,674,646.5,674,1206.1,0
10.8,16.9772,0,0,0,0,749.9,754.3,783.7,1208.9,0
11,45.6629,0,0,0,0,714.5,660.4,658.9,1211.8,0
11.2,38.3451,0,0,0,0,603.2,573.9,658.9,1211.8,0
11.4,78.1538,0,0,0,0,1000.4,984.9,1018.2,1208.9,0
11.6,14.3428,0,0,0,0,833.4,840.8,842.3,1208.9,0
11.8,20.4897,0,0,0,0,1293.8,1345.6,1385.1,1203.3,0
12,123.524,0,0,0,0,1182.5,1259.2,1267.9,1203.3,0
12.2,55.9077,0,0,0,0,1405.2,1460.9,1473.1,1203.3,0
12.4,90.1549,0,0,0,0,1238.2,1288,1326.5,1203.3,0
12.6,-11.708,0,0,0,0,722.1,754.3,813,1208.9,0
12.8,23.1241,0,0,0,0,1223,1244.2,1311.4,1208.9,0
13,-1.4636,0,0,0,0,1083.9,1129,1164.8,1208.9,0
13.2,33.369,0,0,0,0,1481.1,1511.1,1553.5,1206.1,0
13.4,74.0558,0,0,0,0,1111.7,1129,1194.1,1208.9,0
13.6,-12.879,0,0,0,0,1147.1,1194.1,1201.7,1206.1,0
13.8,-24.88,0,0,0,0,944.7,956,1018.2,1208.9,0
14,-72.885,0,0,0,0,694.2,696.7,783.7,1208.9,0
14.2,-38.931,0,0,0,0,848.5,826.9,828.1,1203.3,0
14.4,-43.614,0,0,0,0,833.4,840.8,901,1208.9,0
14.6,-59.713,0,0,0,0,876.3,913.4,974.7,1203.3,0
14.8,-87.813,0,0,0,0,458.9,481.1,534.9,1203.3,0
15,-116.21,0,0,0,0,279.1,294.3,286.2,1197.6,0
15.2,-101.86,0,0,0,0,390.5,438.4,403.4,1197.6,0
15.4,-163.04,0,0,0,0,-103,-101.7,-116.7,1194.8,0
15.6,-102.16,0,0,0,0,-11.9,21.1,8.1,1192,0
15.8,-68.494,0,0,0,0,-95.4,-94.2,-50.5,1192,0
16,-43.614,0,0,0,0,162.7,172.7,191.5,1189.2,0
16.2,4.39066,0,0,0,0,238.6,251.6,301.3,1192,0
16.4,6.43964,0,0,0,0,342.4,301.8,323,1194.8,0
16.6,107.132,0,0,0,0,620.7,590,616.2,1194.8,0
16.8,84.8861,0,0,0,0,724.5,755.4,755.2,1197.6,0
17,96.3018,0,0,0,0,904.2,942.2,1033.3,1203.3,0
17.2,60.2984,0,0,0,0,674,733,761.9,1206.1,0
17.4,24.295,0,0,0,0,722.1,725.5,783.7,1208.9,0
17.6,46.2483,0,0,0,0,722.1,725.5,783.7,1208.9,0
17.8,25.4658,0,0,0,0,861.2,840.8,901,1208.9,0
18,80.7882,0,0,0,0,980.1,934.7,996.5,1206.1,0
18.2,-13.757,0,0,0,0,841,848.2,879.2,1206.1,0
18.4,48.59,0,0,0,0,1377.3,1432.1,1443.8,1203.3,0
18.6,88.3986,0,0,0,0,1119.3,1078.8,1143,1206.1,0
18.8,54.4442,0,0,0,0,1357.1,1381.9,1451.3,1200.5,0
19,81.6663,0,0,0,0,1162.2,1151.4,1216.8,1200.5,0
19.2,-34.54,0,0,0,0,1023.1,1064.9,1070.2,1200.5,0
19.4,46.541,0,0,0,0,1202.8,1222.9,1289.6,1206.1,0
19.6,5.5615,0,0,0,0,1182.5,1143.9,1209.2,1203.3,0
19.8,74.3485,0,0,0,0,1584.9,1590,1663.2,1208.9,0
20,53.8588,0,0,0,0,1126.8,1115.1,1150.6,1203.3,0
20.2,-28.1,0,0,0,0,1063.6,1107.6,1113.7,1206.1,0
20.4,-33.076,0,0,0,0,701.8,675.3,732.6,1206.1,0
20.6,-103.33,0,0,0,0,729.6,761.8,761.9,1206.1,0
20.8,-13.465,0,0,0,0,805.6,811.9,842.3,1208.9,0
21,-66.738,0,0,0,0,792.8,769.3,798.8,1203.3,0
21.2,-17.27,0,0,0,0,1023.1,1007.3,1070.2,1200.5,0
21.4,-61.177,0,0,0,0,410.7,402.1,483.8,1200.5,0
21.6,-92.204,0,0,0,0,947.1,899.5,960.5,1197.6,0
21.8,-17.27,0,0,0,0,724.5,784.2,784.6,1197.6,0
22,-18.733,0,0,0,0,1066,1051.1,1114.6,1194.8,0
22.2,38.3451,0,0,0,0,1045.7,1058.6,1063.5,1192,0
22.4,-21.368,0,0,0,0,899,935.8,997.3,1194.8,0
22.6,3.21982,0,0,0,0,962.2,943.3,1004.9,1192,0
22.8,0.58542,0,0,0,0,934.4,943.3,1034.2,1192,0
23,0.29271,0,0,0,0,942,950.8,1012.4,1189.2,0
23.2,-0.2927,0,0,0,0,934.4,914.5,1034.2,1192,0
23.4,0.29271,0,0,0,0,969.8,950.8,1012.4,1189.2,0
23.6,0,0,0,0,0,934.4,943.3,1004.9,1192,0
23.8,0,0,0,0,0,942,950.8,983.1,1189.2,0
24,0,0,0,0,0,914.1,950.8,1012.4,1189.2,0
24.2,0.29271,0,0,0,0,942,921.9,1012.4,1189.2,0
24.4,0.29271,0,0,0,0,906.6,914.5,1034.2,1192,0
24.6,0.29271,0,0,0,0,969.8,921.9,983.1,1189.2,0
24.8,0.29271,0,0,0,0,977.4,929.4,1020,1186.3,0
25,0.58542,0,0,0,0,969.8,921.9,983.1,1189.2,0
25.2,0,0,0,0,0,969.8,893.1,1012.4,1189.2,0
25.4,0.29271,0,0,0,0,942,893.1,983.1,1189.2,0
25.6,0,0,0,0,0,914.1,950.8,953.8,1189.2,0
25.8,0.29271,0,0,0,0,921.7,958.2,990.6,1186.3,0
26,0.29271,0,0,0,0,942,921.9,953.8,1189.2,0
26.2,0.29271,0,0,0,0,921.7,958.2,990.6,1186.3,0
26.4,0.29271,0,0,0,0,921.7,958.2,961.3,1186.3,0
26.6,0,0,0,0,0,949.5,929.4,1020,1186.3,0
26.8,0.29271,0,0,0,0,914.1,921.9,1012.4,1189.2,0
27,0.29271,0,0,0,0,949.5,900.6,961.3,1186.3,0
27.2,0,0,0,0,0,921.7,958.2,961.3,1186.3,0
27.4,0,0,0,0,0,921.7,929.4,1049.3,1186.3,0
27.6,0.29271,0,0,0,0,921.7,958.2,961.3,1186.3,0
27.8,0.29271,0,0,0,0,921.7,900.6,961.3,1186.3,0
28,0,0,0,0,0,921.7,958.2,961.3,1186.3,0
28.2,0.29271,0,0,0,0,929.3,936.9,968.9,1183.5,0
28.4,0.58542,0,0,0,0,929.3,879.3,968.9,1183.5,0
28.6,0.87813,0,0,0,0,921.7,900.6,961.3,1186.3,0
28.8,0.29271,0,0,0,0,929.3,965.7,968.9,1183.5,0
29,0.29271,0,0,0,0,957.1,908.1,968.9,1183.5,0
29.2,0,0,0,0,0,929.3,936.9,968.9,1183.5,0
29.4,-0.2927,0,0,0,0,929.3,908.1,968.9,1183.5,0
29.6,0.58542,0,0,0,0,921.7,900.6,961.3,1186.3,0
29.8,0,0,0,0,0,893.9,929.4,961.3,1186.3,0
30,0,0,0,0,0,893.9,900.6,961.3,1186.3,0
30.2,0.29271,0,0,0,0,929.3,908.1,968.9,1183.5,0
30.4,0,0,0,0,0,893.9,871.8,990.6,1186.3,0
30.6,0.29271,0,0,0,0,921.7,871.8,961.3,1186.3,0
30.8,0,0,0,0,0,909,944.4,976.4,1180.7,0
31,0.29271,0,0,0,0,929.3,879.3,968.9,1183.5,0
31.2,0.29271,0,0,0,0,936.8,886.7,976.4,1180.7,0
31.4,0,0,0,0,0,893.9,871.8,990.6,1186.3,0
31.6,0.29271,0,0,0,0,909,944.4,947.1,1180.7,0
31.8,0.87813,0,0,0,0,936.8,886.7,976.4,1180.7,0
32,0.29271,0,0,0,0,909,886.7,947.1,1180.7,0
32.2,0,0,0,0,0,901.4,879.3,968.9,1183.5,0
32.4,0.29271,0,0,0,0,936.8,886.7,947.1,1180.7,0
32.6,0.58542,0,0,0,0,916.5,923,954.6,1177.9,0
32.8,-0.2927,0,0,0,0,909,886.7,976.4,1180.7,0
33,0.29271,0,0,0,0,916.5,923,954.6,1177.9,0
33.2,0.29271,0,0,0,0,916.5,923,954.6,1177.9,0
33.4,0,0,0,0,0,916.5,894.2,954.6,1177.9,0
33.6,0,0,0,0,0,916.5,923,954.6,1177.9,0
33.8,0.29271,0,0,0,0,944.4,894.2,954.6,1177.9,0
34,0,0,0,0,0,924.1,930.5,962.2,1175,0
34.2,0.29271,0,0,0,0,924.1,872.9,962.2,1175,0
34.4,0.29271,0,0,0,0,916.5,894.2,954.6,1177.9,0
34.6,-1.1708,0,0,0,0,916.5,894.2,984,1177.9,0
34.8,0.29271,0,0,0,0,944.4,894.2,954.6,1177.9,0
35,0.29271,0,0,0,0,924.1,901.7,932.9,1175,0
35.2,0.29271,0,0,0,0,924.1,930.5,932.9,1175,0
35.4,0.29271,0,0,0,0,924.1,901.7,932.9,1175,0
35.6,20.7825,0,0,0,0,1063.3,1045.8,1108.8,1175,0
35.8,24.295,0,0,0,0,1000,980.7,1042.6,1177.9,0
36,-1.1708,0,0,0,0,916.5,894.2,984,1177.9,0
36.2,-14.05,0,0,0,0,777.4,750.1,837.4,1177.9,0
36.4,-33.076,0,0,0,0,729.3,671.2,757,1175,0
36.6,-3.8052,0,0,0,0,896.3,901.7,932.9,1175,0
36.8,-31.027,0,0,0,0,638.2,634.9,690.8,1177.9,0
37,-42.443,0,0,0,0,693.9,663.7,778.7,1177.9,0
37.2,-0.5854,0,0,0,0,590.1,584.7,610.4,1175,0
37.4,-22.831,0,0,0,0,506.6,469.4,551.8,1175,0
37.6,12.2938,0,0,0,0,499.1,519.6,514.9,1177.9,0
37.8,-46.834,0,0,0,0,291.5,275.2,295.4,1172.2,0
38,-17.27,0,0,0,0,486.3,505.7,500.7,1172.2,0
38.2,-31.32,0,0,0,0,256.1,267.7,317.2,1175,0
38.4,-14.636,0,0,0,0,443.4,404.3,514.9,1177.9,0
38.6,16.0991,0,0,0,0,256.1,296.5,287.9,1175,0
38.8,-27.222,0,0,0,0,347.2,332.8,354.1,1172.2,0
39,-5.8542,0,0,0,0,296.7,310.4,360.8,1180.7,0
39.2,-41.565,0,0,0,0,284,210.1,258.6,1175,0
39.4,9.36674,0,0,0,0,590.1,613.5,610.4,1175,0
39.6,3.80524,0,0,0,0,471.2,490.8,544.2,1177.9,0
39.8,12.8793,0,0,0,0,645.8,642.3,669,1175,0
40,24.5877,0,0,0,0,463.7,425.7,478,1180.7,0
40.2,-4.9761,0,0,0,0,526.9,519.6,573.5,1177.9,0
40.4,30.1492,0,0,0,0,595.3,619.9,675.7,1183.5,0
40.6,-2.6344,0,0,0,0,408,425.7,448.7,1180.7,0
40.8,56.4932,0,0,0,0,567.4,591.1,646.4,1183.5,0
41,31.9055,0,0,0,0,499.1,519.6,544.2,1177.9,0
41.2,9.07403,0,0,0,0,714.2,685,771.2,1180.7,0
41.4,17.8554,0,0,0,0,471.2,462,485.6,1177.9,0
41.6,-1.1708,0,0,0,0,610.4,606,632.2,1177.9,0
41.8,30.7346,0,0,0,0,749.5,779,778.7,1177.9,0
42,-10.538,0,0,0,0,645.8,700,698.3,1175,0
42.2,27.8075,0,0,0,0,693.9,692.5,720.1,1177.9,0
42.4,5.5615,0,0,0,0,491.5,483.3,536.7,1180.7,0
42.6,-3.5125,0,0,0,0,666,663.7,720.1,1177.9,0
42.8,-28.686,0,0,0,0,423.1,411.8,434.5,1175,0
43,-16.099,0,0,0,0,582.6,634.9,661.5,1177.9,0
43.2,48.8827,0,0,0,0,638.2,606,632.2,1177.9,0
43.4,15.221,0,0,0,0,693.9,663.7,720.1,1177.9,0
43.6,0,0,0,0,0,673.6,671.2,698.3,1175,0
43.8,-3.2198,0,0,0,0,666,634.9,661.5,1177.9,0
44,0.29271,0,0,0,0,638.2,606,661.5,1177.9,0
44.2,0.29271,0,0,0,0,645.8,613.5,669,1175,0
44.4,0.29271,0,0,0,0,617.9,613.5,669,1175,0
44.6,0,0,0,0,0,666,606,690.8,1177.9,0
44.8,0.58542,0,0,0,0,645.8,613.5,669,1175,0
45,0.29271,0,0,0,0,645.8,613.5,669,1175,0
45.2,0,0,0,0,0,617.9,642.3,669,1175,0
45.4,0,0,0,0,0,582.6,606,661.5,1177.9,0
45.6,0.58542,0,0,0,0,610.4,577.2,661.5,1177.9,0
45.8,0,0,0,0,0,582.6,606,661.5,1177.9,0
46,0.29271,0,0,0,0,701.4,613.5,669,1175,0
46.2,0,0,0,0,0,617.9,642.3,669,1175,0
46.4,0.29271,0,0,0,0,625.5,592.2,647.3,1172.2,0
46.6,0,0,0,0,0,617.9,584.7,669,1175,0
46.8,0.29271,0,0,0,0,617.9,613.5,639.7,1175,0
47,0,0,0,0,0,582.6,634.9,661.5,1177.9,0
47.2,0.58542,0,0,0,0,625.5,621,647.3,1172.2,0
47.4,0.29271,0,0,0,0,653.3,592.2,647.3,1172.2,0
47.6,0.58542,0,0,0,0,625.5,592.2,647.3,1172.2,0
47.8,0.29271,0,0,0,0,605.2,599.7,654.8,1169.4,0
48,0,0,0,0,0,590.1,584.7,669,1175,0
48.2,0.29271,0,0,0,0,605.2,599.7,654.8,1169.4,0
48.4,0.29271,0,0,0,0,633.1,599.7,654.8,1169.4,0
48.6,0.29271,0,0,0,0,625.5,592.2,647.3,1172.2,0
48.8,0.29271,0,0,0,0,633.1,599.7,654.8,1169.4,0
49,0,0,0,0,0,597.7,592.2,676.6,1172.2,0
49.2,0.29271,0,0,0,0,605.2,657.3,625.5,1169.4,0
49.4,0,0,0,0,0,597.7,649.8,647.3,1172.2,0
49.6,0,0,0,0,0,605.2,628.5,654.8,1169.4,0
49.8,0,0,0,0,0,633.1,599.7,654.8,1169.4,0
50,0.29271,0,0,0,0,633.1,599.7,654.8,1169.4,0
50.2,-4.6834,0,0,0,0,577.4,513.2,566.8,1169.4,0
50.4,-23.124,0,0,0,0,612.8,607.1,603.7,1166.6,0
50.6,-6.7323,0,0,0,0,605.2,599.7,654.8,1169.4,0
50.8,12.2938,0,0,0,0,612.8,607.1,603.7,1166.6,0
51,25.7585,0,0,0,0,716.6,686.1,713.4,1169.4,0
51.2,-6.1469,0,0,0,0,688.7,657.3,684.1,1169.4,0
51.4,0.29271,0,0,0,0,696.3,693.6,691.7,1166.6,0
51.6,0,0,0,0,0,696.3,693.6,691.7,1166.6,0
51.8,0,0,0,0,0,633.1,657.3,713.4,1169.4,0
52,0,0,0,0,0,688.7,628.5,684.1,1169.4,0
52.2,0.58542,0,0,0,0,668.5,636,691.7,1166.6,0
52.4,0,0,0,0,0,668.5,664.8,662.3,1166.6,0
52.6,0.29271,0,0,0,0,668.5,636,662.3,1166.6,0
52.8,0.29271,0,0,0,0,668.5,636,662.3,1166.6,0
53,0,0,0,0,0,640.6,664.8,662.3,1166.6,0
53.2,0,0,0,0,0,648.2,672.3,669.9,1163.7,0
53.4,0,0,0,0,0,668.5,664.8,662.3,1166.6,0
53.6,0.29271,0,0,0,0,668.5,636,662.3,1166.6,0
53.8,0,0,0,0,0,640.6,636,662.3,1166.6,0
54,0,0,0,0,0,640.6,636,691.7,1166.6,0
54.2,0.29271,0,0,0,0,640.6,636,662.3,1166.6,0
54.4,0.29271,0,0,0,0,640.6,636,691.7,1166.6,0
54.6,0.29271,0,0,0,0,668.5,607.1,662.3,1166.6,0
54.8,0,0,0,0,0,648.2,643.4,669.9,1163.7,0
55,0,0,0,0,0,633.1,599.7,684.1,1169.4,0
55.2,0.29271,0,0,0,0,648.2,643.4,669.9,1163.7,0
55.4,0,0,0,0,0,605.2,628.5,654.8,1169.4,0
55.6,0,0,0,0,0,648.2,643.4,669.9,1163.7,0
55.8,0,0,0,0,0,648.2,672.3,669.9,1163.7,0
56,0,0,0,0,0,612.8,636,662.3,1166.6,0
56.2,0.29271,0,0,0,0,640.6,607.1,662.3,1166.6,0
56.4,0,0,0,0,0,620.3,643.4,669.9,1163.7,0
56.6,0,0,0,0,0,620.3,643.4,640.6,1163.7,0
56.8,0.87813,0,0,0,0,648.2,585.8,669.9,1163.7,0
57,0.29271,0,0,0,0,676,614.6,669.9,1163.7,0
57.2,0,0,0,0,0,620.3,643.4,640.6,1163.7,0
57.4,0,0,0,0,0,620.3,643.4,669.9,1163.7,0
57.6,0.29271,0,0,0,0,620.3,614.6,669.9,1163.7,0
57.8,0.29271,0,0,0,0,648.2,614.6,640.6,1163.7,0
58,0,0,0,0,0,612.8,607.1,662.3,1166.6,0
58.2,0,0,0,0,0,620.3,614.6,640.6,1163.7,0
58.4,0,0,0,0,0,648.2,643.4,640.6,1163.7,0
58.6,0.29271,0,0,0,0,648.2,585.8,640.6,1163.7,0
58.8,0,0,0,0,0,648.2,614.6,640.6,1163.7,0
59,0.29271,0,0,0,0,655.7,622.1,648.1,1160.9,0
59.2,0,0,0,0,0,620.3,614.6,669.9,1163.7,0
59.4,0,0,0,0,0,627.9,650.9,618.8,1160.9,0
59.6,0.29271,0,0,0,0,655.7,650.9,648.1,1160.9,0
59.8,0,0,0,0,0,620.3,614.6,669.9,1163.7,0
60,0,0,0,0,0,612.8,607.1,633,1166.6,0
60.2,0,0,0,0,0,655.7,593.3,677.4,1160.9,0
60.4,0.29271,0,0,0,0,627.9,622.1,648.1,1160.9,0
60.6,0.29271,0,0,0,0,627.9,593.3,648.1,1160.9,0
60.8,-0.2927,0,0,0,0,655.7,593.3,648.1,1160.9,0
61,0,0,0,0,0,627.9,622.1,648.1,1160.9,0
61.2,0,0,0,0,0,620.3,614.6,640.6,1163.7,0
61.4,5.85421,0,0,0,0,822.7,766.2,824,1160.9,0
61.6,2.04897,0,0,0,0,989.7,910.3,999.9,1160.9,0
61.8,11.123,0,0,0,0,802.5,831.3,831.6,1158.1,0
62,2.92711,0,0,0,0,921.4,925.2,927.1,1155.3,0
62.2,8.1959,0,0,0,0,794.9,766.2,853.3,1160.9,0
62.4,-17.855,0,0,0,0,767.1,737.4,824,1160.9,0
62.6,-0.5854,0,0,0,0,810,810,839.1,1155.3,0
62.8,-5.2688,0,0,0,0,754.4,694.7,751.2,1155.3,0
63,16.0991,0,0,0,0,977,954.1,1015,1155.3,0
63.2,2.04897,0,0,0,0,865.7,867.6,897.7,1155.3,0
63.4,-2.6344,0,0,0,0,830.3,831.3,890.2,1158.1,0
63.6,11.4157,0,0,0,0,837.9,781.2,839.1,1155.3,0
63.8,-10.245,0,0,0,0,865.7,838.8,868.4,1155.3,0
64,4.09795,0,0,0,0,949.2,954.1,985.7,1155.3,0
64.2,0.87813,0,0,0,0,858.1,802.5,831.6,1158.1,0
64.4,20.4897,0,0,0,0,913.8,889,978.1,1158.1,0
64.6,1.17084,0,0,0,0,921.4,838.8,897.7,1155.3,0
64.8,-9.6595,0,0,0,0,873.2,875.1,876,1152.4,0
65,2.34169,0,0,0,0,810,781.2,809.8,1155.3,0
65.2,-2.6344,0,0,0,0,901.1,846.3,905.3,1152.4,0
65.4,11.7084,0,0,0,0,977,925.2,956.4,1155.3,0
65.6,-2.6344,0,0,0,0,873.2,875.1,905.3,1152.4,0
65.8,15.221,0,0,0,0,893.5,867.6,897.7,1155.3,0
66,-0.5854,0,0,0,0,901.1,875.1,905.3,1152.4,0
66.2,-7.3178,0,0,0,0,921.4,896.4,956.4,1155.3,0
66.4,-0.5854,0,0,0,0,837.9,810,839.1,1155.3,0
66.6,2.34169,0,0,0,0,865.7,896.4,927.1,1155.3,0
66.8,14.6355,0,0,0,0,921.4,867.6,927.1,1155.3,0
67,-3.2198,0,0,0,0,928.9,875.1,934.6,1152.4,0
67.2,10.2449,0,0,0,0,837.9,810,897.7,1155.3,0
67.4,-1.4636,0,0,0,0,817.6,846.3,817.3,1152.4,0
67.6,-1.7563,0,0,0,0,921.4,896.4,927.1,1155.3,0
67.8,-3.2198,0,0,0,0,817.6,846.3,876,1152.4,0
68,2.04897,0,0,0,0,908.6,940.2,971.5,1149.6,0
68.2,10.2449,0,0,0,0,901.1,903.9,934.6,1152.4,0
68.4,-8.4886,0,0,0,0,886,889,948.8,1158.1,0
68.6,-1.7563,0,0,0,0,817.6,875.1,876,1152.4,0
68.8,-7.0251,0,0,0,0,789.7,817.5,817.3,1152.4,0
69,-2.049,0,0,0,0,928.9,903.9,934.6,1152.4,0
69.2,-1.1708,0,0,0,0,845.4,817.5,846.7,1152.4,0
69.4,0.58542,0,0,0,0,845.4,875.1,905.3,1152.4,0
69.6,4.39066,0,0,0,0,845.4,846.3,846.7,1152.4,0
69.8,-14.636,0,0,0,0,845.4,817.5,876,1152.4,0
70,-6.4396,0,0,0,0,873.2,817.5,876,1152.4,0
70.2,-6.1469,0,0,0,0,789.7,788.6,817.3,1152.4,0
70.4,2.04897,0,0,0,0,873.2,903.9,963.9,1152.4,0
70.6,-2.3417,0,0,0,0,817.6,817.5,846.7,1152.4,0
70.8,-6.1469,0,0,0,0,789.7,817.5,817.3,1152.4,0
71,-1.4636,0,0,0,0,774.6,802.5,831.6,1158.1,0
71.2,-7.6105,0,0,0,0,789.7,817.5,876,1152.4,0
71.4,9.36674,0,0,0,0,865.7,896.4,927.1,1155.3,0
71.6,11.123,0,0,0,0,853,882.6,883.5,1149.6,0
71.8,9.36674,0,0,0,0,901.1,875.1,905.3,1152.4,0
72,-2.9271,0,0,0,0,825.1,767.3,824.9,1149.6,0
72.2,-14.636,0,0,0,0,761.9,759.8,817.3,1152.4,0
72.4,-4.0979,0,0,0,0,825.1,796.1,854.2,1149.6,0
72.6,-2.9271,0,0,0,0,860.5,832.4,861.7,1146.8,0
72.8,11.123,0,0,0,0,888.4,861.2,920.4,1146.8,0
73,4.68337,0,0,0,0,804.9,803.6,803.1,1146.8,0
73.2,-2.6344,0,0,0,0,804.9,803.6,861.7,1146.8,0
73.4,-10.538,0,0,0,0,769.5,767.3,795.6,1149.6,0
73.6,-11.123,0,0,0,0,804.9,803.6,861.7,1146.8,0
73.8,4.39066,0,0,0,0,832.7,832.4,891.1,1146.8,0
74,1.17084,0,0,0,0,832.7,861.2,861.7,1146.8,0
74.2,5.5615,0,0,0,0,860.5,832.4,861.7,1146.8,0
74.4,-7.3178,0,0,0,0,777,803.6,773.8,1146.8,0
74.6,-5.8542,0,0,0,0,777,746,832.4,1146.8,0
74.8,-9.3667,0,0,0,0,777,774.8,803.1,1146.8,0
75,-0.8781,0,0,0,0,804.9,774.8,832.4,1146.8,0
75.2,3.21982,0,0,0,0,804.9,746,803.1,1146.8,0
75.4,-2.3417,0,0,0,0,804.9,774.8,832.4,1146.8,0
75.6,0.29271,0,0,0,0,777,774.8,832.4,1146.8,0
75.8,-0.2927,0,0,0,0,804.9,803.6,832.4,1146.8,0
76,0.29271,0,0,0,0,784.6,811.1,810.7,1144,0
76.2,0,0,0,0,0,777,803.6,832.4,1146.8,0
76.4,0.58542,0,0,0,0,777,774.8,832.4,1146.8,0
76.6,1.17084,0,0,0,0,804.9,746,832.4,1146.8,0
76.8,0,0,0,0,0,777,774.8,861.7,1146.8,0
77,0,0,0,0,0,777,803.6,832.4,1146.8,0
77.2,1.46355,0,0,0,0,840.3,753.4,840,1144,0
77.4,0,0,0,0,0,777,774.8,861.7,1146.8,0
77.6,0.29271,0,0,0,0,784.6,782.3,840,1144,0
77.8,0.29271,0,0,0,0,820,789.7,818.2,1141.1,0
78,0,0,0,0,0,804.9,746,832.4,1146.8,0
78.2,0.29271,0,0,0,0,820,818.6,847.5,1141.1,0
78.4,0,0,0,0,0,784.6,811.1,840,1144,0
78.6,0,0,0,0,0,792.2,789.7,876.8,1141.1,0
78.8,0,0,0,0,0,777,746,832.4,1146.8,0
79,-0.2927,0,0,0,0,792.2,789.7,847.5,1141.1,0
79.2,0.29271,0,0,0,0,784.6,782.3,869.3,1144,0
79.4,0,0,0,0,0,820,789.7,847.5,1141.1,0
79.6,0,0,0,0,0,784.6,782.3,840,1144,0
79.8,0,0,0,0,0,792.2,789.7,847.5,1141.1,0
80,0,0,0,0,0,792.2,789.7,847.5,1141.1,0
80.2,0.29271,0,0,0,0,820,760.9,818.2,1141.1,0
80.4,0.29271,0,0,0,0,792.2,789.7,818.2,1141.1,0
80.6,0,0,0,0,0,792.2,760.9,818.2,1141.1,0
80.8,0.29271,0,0,0,0,792.2,760.9,818.2,1141.1,0
81,0,0,0,0,0,771.9,768.4,855.1,1138.3,0
81.2,0,0,0,0,0,784.6,753.4,840,1144,0
81.4,0.29271,0,0,0,0,820,760.9,788.9,1141.1,0
81.6,-0.2927,0,0,0,0,792.2,760.9,818.2,1141.1,0
81.8,0.29271,0,0,0,0,792.2,760.9,818.2,1141.1,0
82,0.29271,0,0,0,0,799.7,768.4,825.7,1138.3,0
82.2,0.29271,0,0,0,0,799.7,768.4,825.7,1138.3,0
82.4,0,0,0,0,0,764.3,789.7,818.2,1141.1,0
82.6,-0.2927,0,0,0,0,764.3,760.9,847.5,1141.1,0
82.8,0,0,0,0,0,792.2,760.9,818.2,1141.1,0
83,0.29271,0,0,0,0,799.7,768.4,796.4,1138.3,0
83.2,0.29271,0,0,0,0,764.3,760.9,818.2,1141.1,0
83.4,1.17084,0,0,0,0,764.3,760.9,818.2,1141.1,0
83.6,0,0,0,0,0,771.9,797.2,796.4,1138.3,0
83.8,0.29271,0,0,0,0,799.7,768.4,796.4,1138.3,0
84,0.29271,0,0,0,0,799.7,768.4,796.4,1138.3,0
84.2,0.29271,0,0,0,0,799.7,768.4,796.4,1138.3,0
84.4,15.221,0,0,0,0,1439.9,1431.2,1500,1138.3,0
84.6,53.5661,0,0,0,0,1113.4,1150.5,1155.8,1135.5,0
84.8,36.2961,0,0,0,0,994.5,998.9,1031,1138.3,0
85,33.6617,0,0,0,0,1070.5,1077.9,1111.4,1141.1,0
85.2,-61.762,0,0,0,0,493.6,509,532.6,1138.3,0
85.4,-65.86,0,0,0,0,1050.2,1085.4,1089.6,1138.3,0
85.6,-36.003,0,0,0,0,577,566.7,620.5,1138.3,0
85.8,40.3941,0,0,0,0,966.7,998.9,1031,1138.3,0
86,76.6902,0,0,0,0,1141.3,1150.5,1185.1,1135.5,0
86.2,-57.371,0,0,0,0,764.3,760.9,818.2,1141.1,0
86.4,-11.416,0,0,0,0,513.8,472.7,495.7,1141.1,0
86.6,-55.615,0,0,0,0,382.2,364.9,415.3,1138.3,0
86.8,-7.6105,0,0,0,0,1029.9,1064.1,1067.8,1135.5,0
87,9.95216,0,0,0,0,792.2,789.7,847.5,1141.1,0
87.2,21.0752,0,0,0,0,862.9,862.3,862.6,1135.5,0
87.4,19.9043,0,0,0,0,771.9,768.4,767.1,1138.3,0
87.6,-63.811,0,0,0,0,612.4,631.8,686.7,1135.5,0
87.8,2.92711,0,0,0,0,842.7,898.6,899.5,1132.7,0
88,12.5866,0,0,0,0,703.5,696.9,723.6,1132.7,0
88.2,2.34169,0,0,0,0,759.2,754.5,782.2,1132.7,0
88.4,-0.2927,0,0,0,0,759.2,783.4,782.2,1132.7,0
88.6,0,0,0,0,0,759.2,754.5,782.2,1132.7,0
88.8,0.29271,0,0,0,0,751.6,718.2,774.7,1135.5,0
89,0,0,0,0,0,731.3,754.5,782.2,1132.7,0
89.2,0.29271,0,0,0,0,759.2,725.7,782.2,1132.7,0
89.4,0,0,0,0,0,759.2,725.7,782.2,1132.7,0
89.6,0.29271,0,0,0,0,759.2,725.7,782.2,1132.7,0
89.8,0,0,0,0,0,751.6,718.2,774.7,1135.5,0
90,0,0,0,0,0,723.8,718.2,774.7,1135.5,0
90.2,0,0,0,0,0,738.9,762,789.7,1129.8,0
90.4,0.29271,0,0,0,0,766.7,733.2,760.4,1129.8,0
90.6,0,0,0,0,0,759.2,725.7,782.2,1132.7,0
90.8,0,0,0,0,0,759.2,754.5,752.9,1132.7,0
91,0.29271,0,0,0,0,766.7,704.4,760.4,1129.8,0
91.2,0.29271,0,0,0,0,703.5,725.7,782.2,1132.7,0
91.4,0.29271,0,0,0,0,731.3,725.7,782.2,1132.7,0
91.6,0.29271,0,0,0,0,759.2,696.9,782.2,1132.7,0
91.8,0.29271,0,0,0,0,759.2,696.9,752.9,1132.7,0
92,0.29271,0,0,0,0,731.3,725.7,752.9,1132.7,0
92.2,0.29271,0,0,0,0,738.9,733.2,760.4,1129.8,0
92.4,0.29271,0,0,0,0,738.9,733.2,760.4,1129.8,0
92.6,0.29271,0,0,0,0,738.9,704.4,760.4,1129.8,0
92.8,0.29271,0,0,0,0,738.9,733.2,760.4,1129.8,0
93,0.29271,0,0,0,0,738.9,733.2,760.4,1129.8,0
93.2,0.29271,0,0,0,0,738.9,762,760.4,1129.8,0
93.4,0,0,0,0,0,703.5,725.7,752.9,1132.7,0
93.6,0.29271,0,0,0,0,718.6,769.5,768,1127,0
93.8,0.29271,0,0,0,0,738.9,704.4,760.4,1129.8,0
94,0.29271,0,0,0,0,738.9,704.4,760.4,1129.8,0
94.2,-0.2927,0,0,0,0,711.1,704.4,760.4,1129.8,0
94.4,0.29271,0,0,0,0,738.9,704.4,760.4,1129.8,0
94.6,0.29271,0,0,0,0,703.5,696.9,752.9,1132.7,0
94.8,0.29271,0,0,0,0,738.9,704.4,760.4,1129.8,0
95,-2.6344,0,0,0,0,711.1,704.4,760.4,1129.8,0
95.2,16.9772,0,0,0,0,857.8,856,914.6,1127,0
95.4,50.9317,0,0,0,0,989.4,1021.4,1053.6,1129.8,0
95.6,30.4419,0,0,0,0,857.8,884.8,885.2,1127,0
95.8,5.85421,0,0,0,0,822.4,819.7,877.7,1129.8,0
96,-34.54,0,0,0,0,460.6,387.4,437.9,1129.8,0
96.2,-56.493,0,0,0,0,551.6,539,621.4,1127,0
96.4,-9.074,0,0,0,0,802.1,740.7,797.3,1127,0
96.6,10.5376,0,0,0,0,766.7,762,848.4,1129.8,0
96.8,46.2483,0,0,0,0,885.6,884.8,914.6,1127,0
97,0.29271,0,0,0,0,746.5,769.5,768,1127,0
97.2,-21.953,0,0,0,0,655.4,617.9,672.5,1129.8,0
97.4,-27.222,0,0,0,0,635.1,654.2,709.3,1127,0
97.6,2.6344,0,0,0,0,738.9,704.4,731.1,1129.8,0
97.8,6.73235,0,0,0,0,726.2,777,775.5,1124.2,0
98,6.14692,0,0,0,0,746.5,711.9,768,1127,0
98.2,-1.4636,0,0,0,0,726.2,719.3,775.5,1124.2,0
98.4,-0.2927,0,0,0,0,698.3,719.3,746.2,1124.2,0
98.6,-0.2927,0,0,0,0,726.2,748.2,775.5,1124.2,0
98.8,0,0,0,0,0,726.2,719.3,746.2,1124.2,0
99,0,0,0,0,0,718.6,683,768,1127,0
99.2,-0.2927,0,0,0,0,726.2,719.3,775.5,1124.2,0
99.4,0.29271,0,0,0,0,718.6,683,738.7,1127,0
99.6,0,0,0,0,0,726.2,719.3,746.2,1124.2,0
99.8,-0.2927,0,0,0,0,711.1,704.4,760.4,1129.8,0
100,0,0,0,0,0,718.6,683,768,1127,0
100.2,0.29271,0,0,0,0,718.6,683,738.7,1127,0
100.4,0.29271,0,0,0,0,726.2,690.5,775.5,1124.2,0
100.6,-0.2927,0,0,0,0,690.8,683,768,1127,0
100.8,0,0,0,0,0,698.3,719.3,746.2,1124.2,0
101,-0.2927,0,0,0,0,726.2,690.5,775.5,1124.2,0
101.2,0,0,0,0,0,733.7,726.8,753.7,1121.4,0
101.4,0,0,0,0,0,726.2,719.3,746.2,1124.2,0
101.6,0,0,0,0,0,690.8,711.9,768,1127,0
101.8,0.29271,0,0,0,0,754,690.5,746.2,1124.2,0
102,0.29271,0,0,0,0,733.7,726.8,724.4,1121.4,0
102.2,-0.2927,0,0,0,0,718.6,683,738.7,1127,0
102.4,0,0,0,0,0,726.2,719.3,746.2,1124.2,0
102.6,0,0,0,0,0,726.2,719.3,716.9,1124.2,0
102.8,-0.2927,0,0,0,0,698.3,690.5,775.5,1124.2,0
103,0.29271,0,0,0,0,690.8,683,768,1127,0
103.2,0.29271,0,0,0,0,663,683,738.7,1127,0
103.4,0,0,0,0,0,670.5,719.3,746.2,1124.2,0
103.6,0,0,0,0,0,733.7,698,753.7,1121.4,0
103.8,0.29271,0,0,0,0,733.7,669.2,753.7,1121.4,0
104,0.29271,0,0,0,0,733.7,698,724.4,1121.4,0
104.2,0,0,0,0,0,733.7,698,724.4,1121.4,0
104.4,0,0,0,0,0,698.3,719.3,775.5,1124.2,0
104.6,0.29271,0,0,0,0,761.6,698,753.7,1121.4,0
104.8,0,0,0,0,0,761.6,698,753.7,1121.4,0
105,-0.2927,0,0,0,0,713.5,734.3,761.3,1118.5,0
105.2,-0.2927,0,0,0,0,713.5,705.5,761.3,1118.5,0
105.4,0,0,0,0,0,733.7,698,724.4,1121.4,0
105.6,-0.2927,0,0,0,0,705.9,698,753.7,1121.4,0
105.8,0.29271,0,0,0,0,741.3,705.5,732,1118.5,0
106,0.29271,0,0,0,0,733.7,669.2,753.7,1121.4,0
106.2,0,0,0,0,0,713.5,705.5,761.3,1118.5,0
106.4,0,0,0,0,0,713.5,705.5,732,1118.5,0
106.6,0,0,0,0,0,713.5,676.7,732,1118.5,0
106.8,0.87813,0,0,0,0,713.5,676.7,761.3,1118.5,0
107,-0.2927,0,0,0,0,713.5,705.5,761.3,1118.5,0
107.2,-0.2927,0,0,0,0,678.1,669.2,724.4,1121.4,0
107.4,0,0,0,0,0,685.6,676.7,761.3,1118.5,0
107.6,7.02506,0,0,0,0,852.6,791.9,849.2,1118.5,0
107.8,33.369,0,0,0,0,964,936,966.5,1118.5,0
108,14.6355,0,0,0,0,797,763.1,819.9,1118.5,0
108.2,-13.757,0,0,0,0,630,590.2,644,1118.5,0
108.4,-38.638,0,0,0,0,490.8,474.9,556.1,1118.5,0
108.6,-25.466,0,0,0,0,685.6,619,673.3,1118.5,0
108.8,19.3189,0,0,0,0,797,791.9,819.9,1118.5,0
109,12.2938,0,0,0,0,713.5,676.7,732,1118.5,0
109.2,-11.708,0,0,0,0,693.2,626.5,680.9,1115.7,0
109.4,-2.6344,0,0,0,0,685.6,676.7,732,1118.5,0
109.6,7.02506,0,0,0,0,685.6,705.5,761.3,1118.5,0
109.8,-2.6344,0,0,0,0,685.6,647.9,761.3,1118.5,0
110,-0.2927,0,0,0,0,685.6,676.7,732,1118.5,0
110.2,0.29271,0,0,0,0,713.5,676.7,702.7,1118.5,0
110.4,0,0,0,0,0,642.7,661.7,746.2,1124.2,0
110.6,0.29271,0,0,0,0,713.5,676.7,702.7,1118.5,0
110.8,0,0,0,0,0,693.2,713,710.2,1115.7,0
111,0,0,0,0,0,721,655.3,739.5,1115.7,0
111.2,0.29271,0,0,0,0,748.9,684.1,710.2,1115.7,0
111.4,0,0,0,0,0,693.2,684.1,739.5,1115.7,0
111.6,-0.2927,0,0,0,0,748.9,655.3,739.5,1115.7,0
111.8,0,0,0,0,0,713.5,676.7,732,1118.5,0
112,0,0,0,0,0,685.6,676.7,732,1118.5,0
112.2,0.29271,0,0,0,0,721,684.1,739.5,1115.7,0
112.4,-0.2927,0,0,0,0,693.2,684.1,739.5,1115.7,0
112.6,0.29271,0,0,0,0,728.6,691.6,717.7,1112.9,0
112.8,0.29271,0,0,0,0,728.6,691.6,717.7,1112.9,0
113,0,0,0,0,0,721,684.1,710.2,1115.7,0
113.2,0.29271,0,0,0,0,728.6,662.8,717.7,1112.9,0
113.4,0.29271,0,0,0,0,700.7,691.6,747.1,1112.9,0
113.6,0,0,0,0,0,700.7,691.6,747.1,1112.9,0
113.8,0,0,0,0,0,700.7,691.6,747.1,1112.9,0
114,0,0,0,0,0,700.7,720.4,747.1,1112.9,0
114.2,0,0,0,0,0,693.2,684.1,768.8,1115.7,0
114.4,0,0,0,0,0,756.4,662.8,747.1,1112.9,0
114.6,0,0,0,0,0,708.3,727.9,754.6,1110.1,0
114.8,-0.2927,0,0,0,0,693.2,655.3,739.5,1115.7,0
115,12.8793,0,0,0,0,867.7,806.9,893.6,1112.9,0
115.2,11.7084,0,0,0,0,812.1,778.1,893.6,1112.9,0
115.4,0.29271,0,0,0,0,736.1,756.7,783.9,1110.1,0
115.6,-10.83,0,0,0,0,617.3,576.4,629.8,1112.9,0
115.8,-30.149,0,0,0,0,637.5,597.7,680.9,1115.7,0
116,4.39066,0,0,0,0,764,699.1,754.6,1110.1,0
116.2,14.6355,0,0,0,0,708.3,727.9,754.6,1110.1,0
116.4,-9.074,0,0,0,0,637.5,597.7,680.9,1115.7,0
116.6,-1.7563,0,0,0,0,700.7,662.8,688.4,1112.9,0
116.8,-7.9032,0,0,0,0,680.5,612.7,696,1110.1,0
117,-4.9761,0,0,0,0,645.1,634,717.7,1112.9,0
117.2,8.78132,0,0,0,0,736.1,670.3,754.6,1110.1,0
117.4,-0.8781,0,0,0,0,688,677.8,732.8,1107.3,0
117.6,-2.6344,0,0,0,0,624.8,555,608,1110.1,0
117.8,-23.124,0,0,0,0,450.3,432.3,512.5,1112.9,0
118,-16.099,0,0,0,0,457.8,410.9,461.4,1110.1,0
118.2,5.85421,0,0,0,0,708.3,641.5,696,1110.1,0
118.4,-5.2688,0,0,0,0,652.6,670.3,725.3,1110.1,0
118.6,15.5137,0,0,0,0,680.5,641.5,696,1110.1,0
118.8,-12.001,0,0,0,0,533.8,518.7,571.2,1112.9,0
119,-9.6595,0,0,0,0,680.5,612.7,666.7,1110.1,0
119.2,-16.685,0,0,0,0,541.3,526.2,578.7,1110.1,0
119.4,-5.8542,0,0,0,0,533.8,518.7,571.2,1112.9,0
119.6,24.0023,0,0,0,0,569.1,555,578.7,1110.1,0
119.8,-9.3667,0,0,0,0,597,612.7,608,1110.1,0
120,-1.1708,0,0,0,0,513.5,497.4,520.1,1110.1,0
120.2,-20.782,0,0,0,0,374.3,382.1,402.8,1110.1,0
120.4,-6.1469,0,0,0,0,533.8,518.7,571.2,1112.9,0
120.6,-12.879,0,0,0,0,513.5,468.6,490.8,1110.1,0
120.8,-9.6595,0,0,0,0,505.9,518.7,541.8,1112.9,0
121,3.51253,0,0,0,0,457.8,439.7,461.4,1110.1,0
121.2,-28.1,0,0,0,0,513.5,497.4,520.1,1110.1,0
121.4,-3.8052,0,0,0,0,597,612.7,608,1110.1,0
121.6,-4.9761,0,0,0,0,597,583.8,608,1110.1,0
121.8,12.2938,0,0,0,0,708.3,699.1,754.6,1110.1,0
122,25.7585,0,0,0,0,637.5,655.3,739.5,1115.7,0
122.2,22.246,0,0,0,0,645.1,634,688.4,1112.9,0
122.4,5.26879,0,0,0,0,394.6,345.8,365.9,1112.9,0
122.6,-30.442,0,0,0,0,457.8,410.9,432.1,1110.1,0
122.8,-0.5854,0,0,0,0,597,583.8,578.7,1110.1,0
123,14.3428,0,0,0,0,652.6,612.7,666.7,1110.1,0
123.2,47.7118,0,0,0,0,812.1,778.1,805.7,1112.9,0
123.4,10.2449,0,0,0,0,597,583.8,578.7,1110.1,0
123.6,-28.393,0,0,0,0,518.6,503.8,556.1,1118.5,0
123.8,-22.246,0,0,0,0,465.4,476,498.3,1107.3,0
124,-24.588,0,0,0,0,645.1,605.2,688.4,1112.9,0
124.2,23.1241,0,0,0,0,791.8,785.6,813.2,1110.1,0
124.4,18.1481,0,0,0,0,617.3,605.2,688.4,1112.9,0
124.6,15.8064,0,0,0,0,665.4,597.7,651.6,1115.7,0
124.8,-16.099,0,0,0,0,430,468.6,461.4,1110.1,0
125,-19.026,0,0,0,0,597,583.8,608,1110.1,0
125.2,2.34169,0,0,0,0,450.3,403.4,483.2,1112.9,0
125.4,24.8804,0,0,0,0,764,699.1,754.6,1110.1,0
125.6,26.9294,0,0,0,0,736.1,756.7,754.6,1110.1,0
125.8,-2.049,0,0,0,0,513.5,526.2,549.4,1110.1,0
126,7.90319,0,0,0,0,581.9,568.9,651.6,1115.7,0
126.2,-24.88,0,0,0,0,624.8,670.3,666.7,1110.1,0
126.4,-3.2198,0,0,0,0,708.3,699.1,725.3,1110.1,0
126.6,28.9784,0,0,0,0,624.8,612.7,637.3,1110.1,0
126.8,24.5877,0,0,0,0,728.6,720.4,805.7,1112.9,0
127,2.92711,0,0,0,0,680.5,670.3,696,1110.1,0
127.2,-10.538,0,0,0,0,541.3,555,578.7,1110.1,0
127.4,8.78132,0,0,0,0,652.6,612.7,666.7,1110.1,0
127.6,0.87813,0,0,0,0,617.3,605.2,688.4,1112.9,0
127.8,0,0,0,0,0,624.8,641.5,666.7,1110.1,0
128,0,0,0,0,0,645.1,605.2,659.1,1112.9,0
128.2,0.29271,0,0,0,0,660.2,649,674.2,1107.3,0
128.4,0.29271,0,0,0,0,652.6,641.5,637.3,1110.1,0
128.6,0,0,0,0,0,624.8,641.5,666.7,1110.1,0
128.8,0.29271,0,0,0,0,660.2,620.1,674.2,1107.3,0
129,0.29271,0,0,0,0,624.8,612.7,696,1110.1,0
129.2,0,0,0,0,0,632.4,649,674.2,1107.3,0
129.4,0,0,0,0,0,660.2,620.1,644.9,1107.3,0
129.6,0.29271,0,0,0,0,632.4,677.8,674.2,1107.3,0
129.8,0.29271,0,0,0,0,660.2,620.1,674.2,1107.3,0
130,-0.2927,0,0,0,0,624.8,612.7,666.7,1110.1,0
130.2,0,0,0,0,0,624.8,612.7,696,1110.1,0
130.4,-0.2927,0,0,0,0,652.6,612.7,666.7,1110.1,0
130.6,0.29271,0,0,0,0,652.6,583.8,666.7,1110.1,0
130.8,0,0,0,0,0,632.4,649,644.9,1107.3,0
131,0.29271,0,0,0,0,652.6,612.7,637.3,1110.1,0
131.2,0,0,0,0,0,652.6,612.7,666.7,1110.1,0
131.4,0.29271,0,0,0,0,660.2,620.1,644.9,1107.3,0
131.6,0,0,0,0,0,652.6,612.7,637.3,1110.1,0
131.8,0,0,0,0,0,604.5,649,674.2,1107.3,0
132,0,0,0,0,0,624.8,612.7,666.7,1110.1,0
132.2,0,0,0,0,0,597,641.5,666.7,1110.1,0
132.4,0.29271,0,0,0,0,660.2,591.3,674.2,1107.3,0
132.6,0.29271,0,0,0,0,660.2,620.1,644.9,1107.3,0
132.8,0,0,0,0,0,632.4,620.1,674.2,1107.3,0
133,0,0,0,0,0,632.4,620.1,674.2,1107.3,0
133.2,0.29271,0,0,0,0,660.2,620.1,644.9,1107.3,0
133.4,-19.026,0,0,0,0,290.8,295.7,344.2,1110.1,0
133.6,-39.223,0,0,0,0,298.4,245.5,293.1,1107.3,0
133.8,-27.222,0,0,0,0,437.5,389.6,439.7,1107.3,0
134,-17.855,0,0,0,0,556.4,541.2,593.8,1104.4,0
134.2,26.9294,0,0,0,0,632.4,677.8,703.5,1107.3,0
134.4,15.5137,0,0,0,0,632.4,620.1,615.6,1107.3,0
134.6,48.8827,0,0,0,0,827.2,821.9,850.1,1107.3,0
134.8,6.43964,0,0,0,0,632.4,649,644.9,1107.3,0
135,-9.3667,0,0,0,0,688,649,732.8,1107.3,0
135.2,2.92711,0,0,0,0,521,504.9,556.9,1107.3,0
135.4,-6.4396,0,0,0,0,688,706.6,732.8,1107.3,0
135.6,28.6856,0,0,0,0,779.1,742.9,769.7,1104.4,0
135.8,-2.049,0,0,0,0,639.9,685.3,652.4,1104.4,0
136,-1.4636,0,0,0,0,688,706.6,703.5,1107.3,0
136.2,2.04897,0,0,0,0,688,677.8,674.2,1107.3,0
136.4,0,0,0,0,0,667.8,656.4,681.7,1104.4,0
136.6,-0.2927,0,0,0,0,660.2,620.1,703.5,1107.3,0
136.8,0,0,0,0,0,667.8,685.3,652.4,1104.4,0
137,0,0,0,0,0,639.9,685.3,652.4,1104.4,0
137.2,0,0,0,0,0,639.9,685.3,681.7,1104.4,0
137.4,0.29271,0,0,0,0,632.4,620.1,703.5,1107.3,0
137.6,0,0,0,0,0,667.8,656.4,681.7,1104.4,0
137.8,0.29271,0,0,0,0,660.2,620.1,674.2,1107.3,0
138,0.29271,0,0,0,0,667.8,627.6,681.7,1104.4,0
138.2,-0.2927,0,0,0,0,612.1,627.6,711.1,1104.4,0
138.4,0,0,0,0,0,660.2,620.1,674.2,1107.3,0
138.6,0.29271,0,0,0,0,675.3,635.1,660,1101.6,0
138.8,-0.2927,0,0,0,0,639.9,627.6,681.7,1104.4,0
139,0,0,0,0,0,675.3,663.9,660,1101.6,0
139.2,0,0,0,0,0,619.7,635.1,660,1101.6,0
139.4,0.29271,0,0,0,0,660.2,620.1,644.9,1107.3,0
139.6,-0.2927,0,0,0,0,619.7,635.1,689.3,1101.6,0
139.8,0,0,0,0,0,647.5,663.9,660,1101.6,0
140,0.29271,0,0,0,0,639.9,627.6,652.4,1104.4,0
140.2,0,0,0,0,0,612.1,598.8,681.7,1104.4,0
140.4,0,0,0,0,0,675.3,635.1,660,1101.6,0
140.6,0.29271,0,0,0,0,675.3,606.3,660,1101.6,0
140.8,0,0,0,0,0,612.1,627.6,681.7,1104.4,0
141,0,0,0,0,0,619.7,663.9,660,1101.6,0
141.2,0,0,0,0,0,619.7,635.1,660,1101.6,0
141.4,0,0,0,0,0,647.5,635.1,660,1101.6,0
141.6,0,0,0,0,0,619.7,635.1,689.3,1101.6,0
141.8,0,0,0,0,0,619.7,663.9,660,1101.6,0
142,0,0,0,0,0,612.1,627.6,681.7,1104.4,0
142.2,-0.2927,0,0,0,0,619.7,635.1,689.3,1101.6,0
142.4,0,0,0,0,0,627.2,671.4,696.8,1098.8,0
142.6,0,0,0,0,0,612.1,627.6,681.7,1104.4,0
142.8,0.29271,0,0,0,0,647.5,635.1,660,1101.6,0
143,0,0,0,0,0,647.5,635.1,660,1101.6,0
143.2,0,0,0,0,0,627.2,700.2,667.5,1098.8,0
143.4,-0.2927,0,0,0,0,647.5,635.1,689.3,1101.6,0
143.6,-0.2927,0,0,0,0,619.7,635.1,689.3,1101.6,0
143.8,-0.2927,0,0,0,0,612.1,627.6,681.7,1104.4,0
144,0.29271,0,0,0,0,675.3,606.3,660,1101.6,0
144.2,-11.708,0,0,0,0,341.3,404.5,396.1,1101.6,0
144.4,-36.882,0,0,0,0,460.2,440.8,462.3,1098.8,0
144.6,-4.3907,0,0,0,0,508.3,519.8,572,1101.6,0
144.8,-0.2927,0,0,0,0,541.3,555,578.7,1110.1,0
145,30.1492,0,0,0,0,731,721.5,747.9,1101.6,0
145.2,8.78132,0,0,0,0,564,548.6,601.3,1101.6,0
145.4,-13.465,0,0,0,0,599.4,613.8,638.2,1098.8,0
145.6,-12.587,0,0,0,0,543.7,556.1,550.3,1098.8,0
145.8,7.31777,0,0,0,0,758.8,779.2,835.9,1101.6,0
146,36.2961,0,0,0,0,822,844.3,843.4,1098.8,0
146.2,7.31777,0,0,0,0,703.2,721.5,747.9,1101.6,0
146.4,-6.4396,0,0,0,0,627.2,671.4,638.2,1098.8,0
146.6,-0.5854,0,0,0,0,627.2,642.6,638.2,1098.8,0
146.8,0.29271,0,0,0,0,627.2,613.8,638.2,1098.8,0
147,0,0,0,0,0,619.7,606.3,660,1101.6,0
147.2,0.29271,0,0,0,0,627.2,613.8,638.2,1098.8,0
147.4,0,0,0,0,0,606.9,650.1,645.7,1096,0
147.6,-0.2927,0,0,0,0,627.2,613.8,638.2,1098.8,0
147.8,0,0,0,0,0,634.8,650.1,645.7,1096,0
148,0.29271,0,0,0,0,591.8,606.3,630.7,1101.6,0
148.2,0.29271,0,0,0,0,655,613.8,638.2,1098.8,0
148.4,-0.2927,0,0,0,0,599.4,642.6,667.5,1098.8,0
148.6,0,0,0,0,0,599.4,642.6,667.5,1098.8,0
148.8,0,0,0,0,0,627.2,642.6,638.2,1098.8,0
149,0,0,0,0,0,606.9,650.1,645.7,1096,0
149.2,-0.2927,0,0,0,0,599.4,642.6,667.5,1098.8,0
149.4,0.29271,0,0,0,0,655,613.8,638.2,1098.8,0
149.6,0,0,0,0,0,599.4,642.6,638.2,1098.8,0
149.8,0,0,0,0,0,634.8,650.1,645.7,1096,0
150,0,0,0,0,0,606.9,650.1,645.7,1096,0
150.2,0,0,0,0,0,606.9,650.1,645.7,1096,0
150.4,0,0,0,0,0,606.9,650.1,645.7,1096,0
150.6,-0.2927,0,0,0,0,591.8,606.3,660,1101.6,0
150.8,0.58542,0,0,0,0,606.9,621.2,675.1,1096,0
151,0,0,0,0,0,634.8,650.1,616.4,1096,0
151.2,0.29271,0,0,0,0,606.9,621.2,645.7,1096,0
151.4,0.29271,0,0,0,0,634.8,621.2,645.7,1096,0
151.6,0.29271,0,0,0,0,634.8,650.1,645.7,1096,0
151.8,0,0,0,0,0,634.8,621.2,645.7,1096,0
152,0.29271,0,0,0,0,634.8,621.2,616.4,1096,0
152.2,-0.2927,0,0,0,0,634.8,621.2,675.1,1096,0
152.4,0.29271,0,0,0,0,634.8,621.2,645.7,1096,0
152.6,0.29271,0,0,0,0,634.8,621.2,645.7,1096,0
152.8,0.29271,0,0,0,0,642.3,657.5,653.3,1093.1,0
153,-0.2927,0,0,0,0,606.9,650.1,645.7,1096,0
153.2,0.29271,0,0,0,0,634.8,621.2,675.1,1096,0
153.4,-0.2927,0,0,0,0,606.9,650.1,675.1,1096,0
153.6,0.29271,0,0,0,0,606.9,621.2,675.1,1096,0
153.8,0,0,0,0,0,634.8,650.1,645.7,1096,0
154,-0.2927,0,0,0,0,614.5,657.5,653.3,1093.1,0
154.2,0.29271,0,0,0,0,634.8,621.2,645.7,1096,0
154.4,0,0,0,0,0,634.8,621.2,645.7,1096,0
154.6,0,0,0,0,0,614.5,657.5,653.3,1093.1,0
154.8,0.29271,0,0,0,0,642.3,628.7,653.3,1093.1,0
155,0,0,0,0,0,614.5,628.7,653.3,1093.1,0
155.2,-0.2927,0,0,0,0,634.8,621.2,645.7,1096,0
155.4,0,0,0,0,0,642.3,657.5,653.3,1093.1,0
155.6,-0.8781,0,0,0,0,599.4,613.8,638.2,1098.8,0
155.8,-0.2927,0,0,0,0,599.4,613.8,638.2,1098.8,0
156,-0.2927,0,0,0,0,622.1,665,660.8,1090.3,0
156.2,-0.2927,0,0,0,0,606.9,621.2,675.1,1096,0
156.4,0,0,0,0,0,642.3,657.5,653.3,1093.1,0
156.6,0,0,0,0,0,649.9,636.2,631.5,1090.3,0
156.8,0,0,0,0,0,642.3,628.7,653.3,1093.1,0
157,-0.2927,0,0,0,0,614.5,628.7,653.3,1093.1,0
157.2,0,0,0,0,0,614.5,657.5,624,1093.1,0
157.4,0.29271,0,0,0,0,606.9,621.2,645.7,1096,0
157.6,0,0,0,0,0,649.9,665,631.5,1090.3,0
157.8,-0.2927,0,0,0,0,698,628.7,653.3,1093.1,0
158,0,0,0,0,0,606.9,621.2,645.7,1096,0
158.2,0,0,0,0,0,622.1,665,660.8,1090.3,0
158.4,0,0,0,0,0,594.2,665,660.8,1090.3,0
158.6,0.29271,0,0,0,0,649.9,636.2,660.8,1090.3,0
158.8,0.29271,0,0,0,0,642.3,628.7,653.3,1093.1,0
159,0.29271,0,0,0,0,642.3,628.7,653.3,1093.1,0
159.2,0,0,0,0,0,622.1,665,660.8,1090.3,0
159.4,0.29271,0,0,0,0,622.1,636.2,631.5,1090.3,0
159.6,0,0,0,0,0,622.1,665,660.8,1090.3,0
159.8,0,0,0,0,0,649.9,636.2,660.8,1090.3,0
160,0,0,0,0,0,622.1,665,660.8,1090.3,0
160.2,0,0,0,0,0,622.1,665,631.5,1090.3,0
160.4,0,0,0,0,0,642.3,599.9,653.3,1093.1,0
160.6,0.58542,0,0,0,0,649.9,636.2,660.8,1090.3,0
160.8,0,0,0,0,0,622.1,665,660.8,1090.3,0
161,0.29271,0,0,0,0,649.9,665,631.5,1090.3,0
161.2,0,0,0,0,0,649.9,665,660.8,1090.3,0
161.4,0,0,0,0,0,629.6,701.3,668.4,1087.5,0
161.6,-0.2927,0,0,0,0,599.4,613.8,667.5,1098.8,0
161.8,0,0,0,0,0,622.1,665,690.2,1090.3,0
162,-0.2927,0,0,0,0,606.9,650.1,645.7,1096,0
162.2,-0.2927,0,0,0,0,622.1,665,690.2,1090.3,0
162.4,1.17084,0,0,0,0,614.5,628.7,682.6,1093.1,0
162.6,0,0,0,0,0,649.9,636.2,660.8,1090.3,0
162.8,0,0,0,0,0,594.2,636.2,660.8,1090.3,0
163,0,0,0,0,0,614.5,628.7,682.6,1093.1,0
163.2,0,0,0,0,0,622.1,665,660.8,1090.3,0
163.4,0,0,0,0,0,606.9,621.2,645.7,1096,0
163.6,0,0,0,0,0,622.1,636.2,690.2,1090.3,0
163.8,0,0,0,0,0,606.9,621.2,645.7,1096,0
164,0.29271,0,0,0,0,649.9,636.2,660.8,1090.3,0
164.2,0.29271,0,0,0,0,649.9,636.2,660.8,1090.3,0
164.4,0,0,0,0,0,622.1,636.2,660.8,1090.3,0
164.6,0,0,0,0,0,649.9,665,660.8,1090.3,0
164.8,0,0,0,0,0,622.1,665,660.8,1090.3,0
165,27.8075,0,0,0,0,892.8,888.1,917.1,1093.1,0
165.2,49.7608,0,0,0,0,892.8,888.1,917.1,1093.1,0
165.4,38.0524,0,0,0,0,773.9,794.1,821.7,1096,0
165.6,1.46355,0,0,0,0,622.1,665,660.8,1090.3,0
165.8,-12.587,0,0,0,0,538.6,549.7,543.6,1090.3,0
166,4.97608,0,0,0,0,733.4,722.7,748.8,1090.3,0
166.2,25.7585,0,0,0,0,956.1,1010.8,1042,1090.3,0
166.4,49.7608,0,0,0,0,956.1,1039.7,1042,1090.3,0
166.6,46.541,0,0,0,0,865,916.9,917.1,1093.1,0
166.8,18.7335,0,0,0,0,725.8,772.8,770.6,1093.1,0
167,-13.465,0,0,0,0,705.6,780.3,748.8,1090.3,0
167.2,-7.6105,0,0,0,0,753.7,744,770.6,1093.1,0
167.4,24.5877,0,0,0,0,857.4,823,851,1096,0
167.6,35.7107,0,0,0,0,920.7,974.5,1005.1,1093.1,0
167.8,19.0262,0,0,0,0,801.8,794.1,851,1096,0
168,-25.466,0,0,0,0,586.7,599.9,624,1093.1,0
168.2,-55.322,0,0,0,0,467.8,448.3,499.2,1096,0
168.4,-81.666,0,0,0,0,419.7,484.6,477.4,1093.1,0
168.6,-48.005,0,0,0,0,586.7,628.7,653.3,1093.1,0
168.8,-7.3178,0,0,0,0,606.9,621.2,675.1,1096,0
169,-19.026,0,0,0,0,622.1,665,660.8,1090.3,0
169.2,-28.1,0,0,0,0,412.1,419.5,499.2,1096,0
169.4,-61.177,0,0,0,0,323.5,355.5,345.9,1087.5,0
169.6,-30.149,0,0,0,0,518.3,528.4,521.8,1087.5,0
169.8,10.2449,0,0,0,0,991.4,1076,1108.1,1087.5,0
170,24.0023,0,0,0,0,665,708.8,734.6,1084.7,0
170.2,32.7836,0,0,0,0,462.6,499.6,521.8,1087.5,0
170.4,12.0011,0,0,0,0,546.1,557.2,609.8,1087.5,0
170.6,-33.954,0,0,0,0,581.5,622.3,617.3,1084.7,0
170.8,-12.587,0,0,0,0,657.5,643.7,668.4,1087.5,0
171,17.5626,0,0,0,0,685.3,672.5,727,1087.5,0
171.2,-4.9761,0,0,0,0,665,622.3,675.9,1084.7,0
171.4,0,0,0,0,0,637.2,680,675.9,1084.7,0
171.6,-0.2927,0,0,0,0,657.5,643.7,668.4,1087.5,0
171.8,0.29271,0,0,0,0,657.5,643.7,639.1,1087.5,0
172,0,0,0,0,0,629.6,643.7,668.4,1087.5,0
172.2,0.29271,0,0,0,0,657.5,643.7,668.4,1087.5,0
172.4,-0.2927,0,0,0,0,657.5,614.9,668.4,1087.5,0
172.6,0,0,0,0,0,665,651.2,675.9,1084.7,0
172.8,0.29271,0,0,0,0,665,651.2,675.9,1084.7,0
173,0,0,0,0,0,665,680,675.9,1084.7,0
173.2,0,0,0,0,0,629.6,672.5,639.1,1087.5,0
173.4,0,0,0,0,0,665,651.2,646.6,1084.7,0
173.6,0.29271,0,0,0,0,657.5,643.7,668.4,1087.5,0
173.8,0,0,0,0,0,601.8,643.7,639.1,1087.5,0
174,0.29271,0,0,0,0,629.6,643.7,639.1,1087.5,0
174.2,0,0,0,0,0,629.6,643.7,668.4,1087.5,0
174.4,0.29271,0,0,0,0,657.5,614.9,668.4,1087.5,0
174.6,0.29271,0,0,0,0,629.6,643.7,668.4,1087.5,0
174.8,-0.2927,0,0,0,0,629.6,643.7,668.4,1087.5,0
175,2.04897,0,0,0,0,629.6,643.7,668.4,1087.5,0
175.2,0.29271,0,0,0,0,665,680,675.9,1084.7,0
175.4,-0.2927,0,0,0,0,637.2,680,675.9,1084.7,0
175.6,0,0,0,0,0,665,651.2,675.9,1084.7,0
175.8,0,0,0,0,0,629.6,643.7,668.4,1087.5,0
176,-0.2927,0,0,0,0,637.2,651.2,705.2,1084.7,0
176.2,-0.2927,0,0,0,0,601.8,643.7,697.7,1087.5,0
176.4,0.29271,0,0,0,0,665,622.3,675.9,1084.7,0
176.6,-0.2927,0,0,0,0,629.6,643.7,697.7,1087.5,0
176.8,0,0,0,0,0,665,622.3,646.6,1084.7,0
177,-0.2927,0,0,0,0,601.8,614.9,668.4,1087.5,0
177.2,0.29271,0,0,0,0,665,651.2,675.9,1084.7,0
177.4,0,0,0,0,0,637.2,651.2,675.9,1084.7,0
177.6,0,0,0,0,0,629.6,614.9,668.4,1087.5,0
177.8,0,0,0,0,0,601.8,643.7,668.4,1087.5,0
178,0,0,0,0,0,601.8,643.7,668.4,1087.5,0
178.2,-0.2927,0,0,0,0,609.3,651.2,675.9,1084.7,0
178.4,0,0,0,0,0,637.2,651.2,646.6,1084.7,0
178.6,-0.2927,0,0,0,0,637.2,680,646.6,1084.7,0
178.8,0,0,0,0,0,637.2,651.2,675.9,1084.7,0
179,0,0,0,0,0,637.2,651.2,646.6,1084.7,0
179.2,-0.2927,0,0,0,0,609.3,651.2,675.9,1084.7,0
179.4,0.29271,0,0,0,0,637.2,622.3,675.9,1084.7,0
179.6,-0.2927,0,0,0,0,644.7,658.6,683.5,1081.8,0
179.8,0,0,0,0,0,609.3,622.3,675.9,1084.7,0
